{
    "items": [
        {
            "name": "ma3ke",
            "urlName": "dwangschematiek.nl",
            "url": "http://dwangschematiek.nl",
            "description": "dwangschematiek.nl",
            "font": 0,
            "count": 1
        },
        {
            "name": "stupid++",
            "urlName": "stupidplusplus.com",
            "url": "http://stupidplusplus.com",
            "description": "stupidplusplus.com",
            "font": 0,
            "count": 1
        },
        {
            "name": "bouke",
            "urlName": "baukewestendorp.github.io",
            "url": "https://baukewestendorp.github.io",
            "description": "baukewestendorp.github.io",
            "font": 0,
            "count": 1
        }
    ]
}